<?xml version="1.1.4" encoding="UTF-8" standalone="yes"?>
<addon id="plugin.video.tamilcrew_addon"
       name="Tamil Crew Addon"
       version="1.1.15"
       provider-name="Tamil Crew">
  <requires>
    <import addon="xbmc.python" version="2.1.0"/>
    <import addon="script.module.requests"/>
  </requires>
  <extension point="xbmc.python.pluginsource"
            library="default.py">
        <provides>video</provides>
  </extension>
  <extension point="xbmc.addon.metadata">
    <summary lang="en">This Is Used For Simple TechNerd's Tutorial</summary>
    <language>en</language>
    <description lang="en">Live tv addon for free</description>
     <platform>all</platform>
  </extension>
</addon>
